{
"lengthUnit": "mil",
"components": {
	"fields": ["COMPONENT_NO", "COMPONENT_NAME", "LAYER", "X_COORDINATE", "Y_COORDINATE", "ANGLE"],
	"rows": [
		[1, "C1", "T", 656.53, -2152.48, 0],
		[2, "C2", "T", 656.53, -2080.19, 0],
		[3, "C3", "T", 477.82, -1264.97, 180],
		[4, "C4", "T", 477.82, -1153.25, 180],
		[5, "C5", "T", 477.82, -1041.4, 180],
		[6, "C6", "T", 477.82, -931.56, 180],
		[7, "C7", "T", 477.82, -819.84, 180],
		[8, "C8", "T", 690.66, -1682.63, 0],
		[9, "C9", "T", 477.82, -708.13, 180],
		[10, "C10", "T", 477.78, -596.18, 180],
		[11, "C11", "T", 1464, -666, 270],
		[12, "C12", "T", 1052.14, -606.39, 0],
		[13, "C13", "T", 1060.17, -1152.53, 180],
		[14, "C14", "T", 1060.17, -821.23, 180],
		[15, "C15", "T", 1270, -1833.84, 0],
		[16, "C16", "T", 1270, -1903.84, 180],
		[17, "C17", "T", 1270, -1971.84, 180],
		[18, "C18", "T", 972, -2180, 90],
		[19, "C19", "T", 764, -2182.38, 270],
		[20, "C20", "T", 1522, -954, 90],
		[21, "C21", "T", 710, -1302, 180],
		[22, "C22", "T", 1436.71, -1140.57, 180],
		[23, "C23", "T", 1436, -1228, 180],
		[24, "C24", "T", 1270, -2304, 180],
		[25, "C25", "T", 554, -2114.38, 90],
		[26, "C26", "T", 422, -2008.38, 0],
		[27, "C27", "T", 388, -1616.38, 0],
		[28, "CN1", "T", 544.14, -259.02, 180],
		[29, "CN2", "T", 1056.16, -357.41, 180],
		[30, "CN3", "T", 1240.16, -1633.86, 180],
		[31, "CN4", "T", 140, -1826, 90],
		[32, "CN5", "T", 1432, -1838, 90],
		[33, "CN6", "T", 148, -2118.38, 270],
		[34, "D1", "B", 848, -932, 270],
		[35, "D2", "B", 1056, -298, 0],
		[36, "D3", "B", 728, -932, 90],
		[37, "D4", "T", 1310, -898, 270],
		[38, "L1", "T", 1414, -1024, 270],
		[39, "LED1", "T", 810, -1336, 90],
		[40, "R1", "T", 1328, -586, 90],
		[41, "R2", "T", 1270, -1770, 180],
		[42, "R3", "T", 505.99, -1401.51, 90],
		[43, "R4", "T", 1072.22, -1401.51, 90],
		[44, "R5", "T", 710, -1176, 0],
		[45, "R6", "T", 710, -1236, 180],
		[46, "R7", "T", 1270, -2234, 0],
		[47, "R8", "T", 1270, -2168, 0],
		[48, "R9", "T", 810, -1206, 90],
		[49, "R10", "T", 1270, -2102, 0],
		[50, "R11", "T", 1270, -2036, 0],
		[51, "R12", "T", 302, -2118.38, 270],
		[52, "R13", "T", 390, -1738.38, 180],
		[53, "R14", "T", 390, -1680.38, 180],
		[54, "R15", "T", 390, -1796.38, 180],
		[55, "RGB1", "T", 1450, -2120, 90],
		[56, "SW1", "T", 1452, -2268, 0],
		[57, "U1", "T", 882, -1900.38, 0],
		[58, "U2", "T", 864.09, -2185.85, 180],
		[59, "U3", "T", 1418, -880, 180],
		[60, "U4", "T", 420, -2114.38, 90],
		[61, "U5", "T", 544, -1748.38, 0]
	]
},
"pins": {
	"fields": ["PIN_NO", "PIN_NAME", "PIN_X", "PIN_Y", "LAYER", "PIN_TYPE", "NET_NAME", "NET_TYPE", "PAD_SHAPE", "PAD_SIZEX", "PAD_SIZEY", "HOLE_SIZE", "PAD_ANGLE"],
	"rows": [
		[1, "C1_1", 628.97, -2152.48, "T", "SMD", "GND", "GND", "R", 31.5, 35.43, 0, 0],
		[2, "C1_2", 684.09, -2152.48, "T", "SMD", "VCC_3.3V", "", "R", 31.5, 35.43, 0, 0],
		[3, "C2_1", 628.97, -2080.19, "T", "SMD", "GND", "GND", "R", 31.5, 35.43, 0, 0],
		[4, "C2_2", 684.09, -2080.19, "T", "SMD", "VCC_3.3V", "", "R", 31.5, 35.43, 0, 0],
		[5, "C3_1", 540.52, -1264.97, "T", "SMD", "A+", "", "R", 58.47, 68.03, 0, 180],
		[6, "C3_2", 415.12, -1264.97, "T", "SMD", "A", "", "R", 58.47, 68.03, 0, 180],
		[7, "C4_1", 540.52, -1153.25, "T", "SMD", "A+", "", "R", 58.47, 68.03, 0, 180],
		[8, "C4_2", 415.12, -1153.25, "T", "SMD", "A", "", "R", 58.47, 68.03, 0, 180],
		[9, "C5_1", 540.52, -1041.4, "T", "SMD", "A+", "", "R", 58.47, 68.03, 0, 180],
		[10, "C5_2", 415.12, -1041.4, "T", "SMD", "A", "", "R", 58.47, 68.03, 0, 180],
		[11, "C6_1", 540.52, -931.56, "T", "SMD", "A+", "", "R", 58.47, 68.03, 0, 180],
		[12, "C6_2", 415.12, -931.56, "T", "SMD", "A", "", "R", 58.47, 68.03, 0, 180],
		[13, "C7_1", 540.52, -819.84, "T", "SMD", "A+", "", "R", 58.47, 68.03, 0, 180],
		[14, "C7_2", 415.12, -819.84, "T", "SMD", "A", "", "R", 58.47, 68.03, 0, 180],
		[15, "C8_1", 663.1, -1682.63, "T", "SMD", "GND", "GND", "R", 31.5, 35.43, 0, 0],
		[16, "C8_2", 718.22, -1682.63, "T", "SMD", "VCC_3.3V", "", "R", 31.5, 35.43, 0, 0],
		[17, "C9_1", 540.52, -708.13, "T", "SMD", "A+", "", "R", 58.47, 68.03, 0, 180],
		[18, "C9_2", 415.12, -708.13, "T", "SMD", "A", "", "R", 58.47, 68.03, 0, 180],
		[19, "C10_1", 540.48, -596.18, "T", "SMD", "A+", "", "R", 58.47, 68.03, 0, 180],
		[20, "C10_2", 415.08, -596.18, "T", "SMD", "A", "", "R", 58.47, 68.03, 0, 180],
		[21, "C11_1", 1464, -603.3, "T", "SMD", "AGND", "", "R", 58.47, 68.03, 0, 270],
		[22, "C11_2", 1464, -728.7, "T", "SMD", "I_IN", "", "R", 58.47, 68.03, 0, 270],
		[23, "C12_1", 989.44, -606.39, "T", "SMD", "AGND", "", "R", 58.47, 68.03, 0, 0],
		[24, "C12_2", 1114.84, -606.39, "T", "SMD", "I_IN", "", "R", 58.47, 68.03, 0, 0],
		[25, "C13_1", 1129.07, -1152.53, "T", "DIP", "I_IN", "", "C", 62.99, 62.99, 39.37, 270],
		[26, "C13_1", 1129.07, -1152.53, "B", "DIP", "I_IN", "", "C", 62.99, 62.99, 39.37, 270],
		[27, "C13_2", 991.27, -1152.53, "T", "DIP", "AGND", "", "C", 62.99, 62.99, 39.37, 270],
		[28, "C13_2", 991.27, -1152.53, "B", "DIP", "AGND", "", "C", 62.99, 62.99, 39.37, 270],
		[29, "C14_1", 1129.07, -821.23, "T", "DIP", "I_IN", "", "C", 62.99, 62.99, 39.37, 270],
		[30, "C14_1", 1129.07, -821.23, "B", "DIP", "I_IN", "", "C", 62.99, 62.99, 39.37, 270],
		[31, "C14_2", 991.27, -821.23, "T", "DIP", "AGND", "", "C", 62.99, 62.99, 39.37, 270],
		[32, "C14_2", 991.27, -821.23, "B", "DIP", "AGND", "", "C", 62.99, 62.99, 39.37, 270],
		[33, "C15_1", 1242.44, -1833.84, "T", "SMD", "VCC_3.3V", "", "R", 31.5, 35.43, 0, 0],
		[34, "C15_2", 1297.56, -1833.84, "T", "SMD", "GND", "GND", "R", 31.5, 35.43, 0, 0],
		[35, "C16_1", 1297.56, -1903.84, "T", "SMD", "GND", "GND", "R", 31.5, 35.43, 0, 180],
		[36, "C16_2", 1242.44, -1903.84, "T", "SMD", "VCC_3.3V", "", "R", 31.5, 35.43, 0, 180],
		[37, "C17_1", 1297.56, -1971.84, "T", "SMD", "GND", "GND", "R", 31.5, 35.43, 0, 180],
		[38, "C17_2", 1242.44, -1971.84, "T", "SMD", "VCC_3.3V", "", "R", 31.5, 35.43, 0, 180],
		[39, "C18_1", 972, -2207.56, "T", "SMD", "GND", "GND", "R", 31.5, 35.43, 0, 90],
		[40, "C18_2", 972, -2152.44, "T", "SMD", "OSC_OUT", "", "R", 31.5, 35.43, 0, 90],
		[41, "C19_1", 764, -2154.82, "T", "SMD", "GND", "GND", "R", 31.5, 35.43, 0, 270],
		[42, "C19_2", 764, -2209.94, "T", "SMD", "OSC_IN", "", "R", 31.5, 35.43, 0, 270],
		[43, "C20_1", 1522, -981.56, "T", "SMD", "$1N25463", "", "R", 31.5, 35.43, 0, 90],
		[44, "C20_2", 1522, -926.44, "T", "SMD", "$1N25464", "", "R", 31.5, 35.43, 0, 90],
		[45, "C21_1", 737.56, -1302, "T", "SMD", "AGND", "", "R", 31.5, 35.43, 0, 180],
		[46, "C21_2", 682.44, -1302, "T", "SMD", "ADC_V_NTC1", "", "R", 31.5, 35.43, 0, 180],
		[47, "C22_1", 1499.41, -1140.57, "T", "SMD", "AGND", "", "R", 58.47, 68.03, 0, 180],
		[48, "C22_2", 1374.01, -1140.57, "T", "SMD", "VCC_3.3V", "", "R", 58.47, 68.03, 0, 180],
		[49, "C23_1", 1498.7, -1228, "T", "SMD", "AGND", "", "R", 58.47, 68.03, 0, 180],
		[50, "C23_2", 1373.3, -1228, "T", "SMD", "VCC_3.3V", "", "R", 58.47, 68.03, 0, 180],
		[51, "C24_1", 1297.56, -2304, "T", "SMD", "GND", "GND", "R", 31.5, 35.43, 0, 180],
		[52, "C24_2", 1242.44, -2304, "T", "SMD", "NRST", "", "R", 31.5, 35.43, 0, 180],
		[53, "C25_1", 554, -2141.94, "T", "SMD", "GND", "GND", "R", 31.5, 35.43, 0, 90],
		[54, "C25_2", 554, -2086.82, "T", "SMD", "VCC_3.3V", "", "R", 31.5, 35.43, 0, 90],
		[55, "C26_1", 394.44, -2008.38, "T", "SMD", "VCC_3.3V", "", "R", 31.5, 35.43, 0, 0],
		[56, "C26_2", 449.56, -2008.38, "T", "SMD", "GND", "GND", "R", 31.5, 35.43, 0, 0],
		[57, "C27_1", 360.44, -1616.38, "T", "SMD", "VCC_3.3V", "", "R", 31.5, 35.43, 0, 0],
		[58, "C27_2", 415.56, -1616.38, "T", "SMD", "GND", "GND", "R", 31.5, 35.43, 0, 0],
		[59, "CN1_1", 642.57, -455.87, "T", "DIP", "B", "", "C", 98.42, 98.42, 70.87, 180],
		[60, "CN1_1", 642.57, -455.87, "B", "DIP", "B", "", "C", 98.42, 98.42, 70.87, 180],
		[61, "CN1_2", 445.72, -455.87, "T", "DIP", "A", "", "C", 98.42, 98.42, 70.87, 180],
		[62, "CN1_2", 445.72, -455.87, "B", "DIP", "A", "", "C", 98.42, 98.42, 70.87, 180],
		[63, "CN1_3", 327.61, -62.17, "T", "DIP", "CN1_3", "", "C", 70.87, 70.87, 43.31, 180],
		[64, "CN1_3", 327.61, -62.17, "B", "DIP", "CN1_3", "", "C", 70.87, 70.87, 43.31, 180],
		[65, "CN1_4", 760.68, -62.17, "T", "DIP", "CN1_4", "", "C", 70.87, 70.87, 43.31, 180],
		[66, "CN1_4", 760.68, -62.17, "B", "DIP", "CN1_4", "", "C", 70.87, 70.87, 43.31, 180],
		[67, "CN2_1", 1154.58, -455.83, "T", "DIP", "I_OUT", "", "C", 98.42, 98.42, 66.93, 180],
		[68, "CN2_1", 1154.58, -455.83, "B", "DIP", "I_OUT", "", "C", 98.42, 98.42, 66.93, 180],
		[69, "CN2_2", 957.73, -455.83, "T", "DIP", "AGND", "", "C", 98.42, 98.42, 66.93, 180],
		[70, "CN2_2", 957.73, -455.83, "B", "DIP", "AGND", "", "C", 98.42, 98.42, 66.93, 180],
		[71, "CN2_3", 839.62, -258.98, "T", "DIP", "CN2_3", "", "C", 70.87, 70.87, 39.37, 180],
		[72, "CN2_3", 839.62, -258.98, "B", "DIP", "CN2_3", "", "C", 70.87, 70.87, 39.37, 180],
		[73, "CN2_4", 1272.69, -258.98, "T", "DIP", "CN2_4", "", "C", 70.87, 70.87, 39.37, 180],
		[74, "CN2_4", 1272.69, -258.98, "B", "DIP", "CN2_4", "", "C", 70.87, 70.87, 39.37, 180],
		[75, "CN3_1", 1340.16, -1608.86, "T", "DIP", "VCC_3.3V", "", "R", 39.37, 39.37, 27.56, 180],
		[76, "CN3_1", 1340.16, -1608.86, "B", "DIP", "VCC_3.3V", "", "R", 39.37, 39.37, 27.56, 180],
		[77, "CN3_2", 1340.16, -1658.86, "T", "DIP", "SPI1_CS", "", "C", 39.37, 39.37, 27.56, 180],
		[78, "CN3_2", 1340.16, -1658.86, "B", "DIP", "SPI1_CS", "", "C", 39.37, 39.37, 27.56, 180],
		[79, "CN3_3", 1290.16, -1608.86, "T", "DIP", "GND", "GND", "C", 39.37, 39.37, 27.56, 180],
		[80, "CN3_3", 1290.16, -1608.86, "B", "DIP", "GND", "GND", "C", 39.37, 39.37, 27.56, 180],
		[81, "CN3_4", 1290.16, -1658.86, "T", "DIP", "SPI1_REST", "", "C", 39.37, 39.37, 27.56, 180],
		[82, "CN3_4", 1290.16, -1658.86, "B", "DIP", "SPI1_REST", "", "C", 39.37, 39.37, 27.56, 180],
		[83, "CN3_5", 1240.16, -1608.86, "T", "DIP", "PB0", "", "C", 39.37, 39.37, 27.56, 180],
		[84, "CN3_5", 1240.16, -1608.86, "B", "DIP", "PB0", "", "C", 39.37, 39.37, 27.56, 180],
		[85, "CN3_6", 1240.16, -1658.86, "T", "DIP", "SPI1_DC", "", "C", 39.37, 39.37, 27.56, 180],
		[86, "CN3_6", 1240.16, -1658.86, "B", "DIP", "SPI1_DC", "", "C", 39.37, 39.37, 27.56, 180],
		[87, "CN3_7", 1190.16, -1608.86, "T", "DIP", "PB1", "", "C", 39.37, 39.37, 27.56, 180],
		[88, "CN3_7", 1190.16, -1608.86, "B", "DIP", "PB1", "", "C", 39.37, 39.37, 27.56, 180],
		[89, "CN3_8", 1190.16, -1658.86, "T", "DIP", "SPI1_SCK", "", "C", 39.37, 39.37, 27.56, 180],
		[90, "CN3_8", 1190.16, -1658.86, "B", "DIP", "SPI1_SCK", "", "C", 39.37, 39.37, 27.56, 180],
		[91, "CN3_9", 1140.16, -1608.86, "T", "DIP", "SPI1_BL", "", "C", 39.37, 39.37, 27.56, 180],
		[92, "CN3_9", 1140.16, -1608.86, "B", "DIP", "SPI1_BL", "", "C", 39.37, 39.37, 27.56, 180],
		[93, "CN3_10", 1140.16, -1658.86, "T", "DIP", "SPI1_MOSI", "", "C", 39.37, 39.37, 27.56, 180],
		[94, "CN3_10", 1140.16, -1658.86, "B", "DIP", "SPI1_MOSI", "", "C", 39.37, 39.37, 27.56, 180],
		[95, "CN4_1", 203.02, -1899.82, "T", "SMD", "VCC_3.3V", "", "R", 23.62, 66.93, 0, 90],
		[96, "CN4_2", 203.02, -1850.62, "T", "SMD", "GND", "GND", "R", 23.62, 66.93, 0, 90],
		[97, "CN4_3", 203.02, -1801.39, "T", "SMD", "USART1_RX", "", "R", 23.62, 66.93, 0, 90],
		[98, "CN4_4", 203.02, -1752.18, "T", "SMD", "USART1_TX", "", "R", 23.62, 66.93, 0, 90],
		[99, "CN4_5", 76.98, -1972.65, "T", "SMD", "GND", "GND", "R", 39.37, 106.3, 0, 90],
		[100, "CN4_6", 76.98, -1679.34, "T", "SMD", "GND", "GND", "R", 39.37, 106.3, 0, 90],
		[101, "CN5_1", 1373.93, -1911.82, "T", "SMD", "VCC_3.3V", "", "R", 19.68, 66.93, 0, 270],
		[102, "CN5_2", 1373.93, -1862.61, "T", "SMD", "GND", "GND", "R", 19.68, 66.93, 0, 270],
		[103, "CN5_3", 1373.93, -1813.4, "T", "SMD", "SWCLK", "", "R", 19.68, 66.93, 0, 270],
		[104, "CN5_4", 1373.93, -1764.19, "T", "SMD", "SWDIO", "", "R", 19.68, 66.93, 0, 270],
		[105, "CN5_5", 1490.07, -2008.28, "T", "SMD", "GND", "GND", "R", 78.74, 118.11, 0, 270],
		[106, "CN5_6", 1490.07, -1667.73, "T", "SMD", "GND", "GND", "R", 78.74, 118.11, 0, 270],
		[107, "CN6_1", 210.01, -2093.77, "T", "SMD", "CAN1_L", "", "R", 23.62, 66.93, 0, 270],
		[108, "CN6_2", 210.01, -2142.98, "T", "SMD", "CAN1_H", "", "R", 23.62, 66.93, 0, 270],
		[109, "CN6_3", 85.99, -2215.82, "T", "SMD", "GND", "GND", "R", 39.37, 110.24, 0, 270],
		[110, "CN6_4", 85.99, -2020.94, "T", "SMD", "GND", "GND", "R", 39.37, 110.24, 0, 270],
		[111, "D1_1", 848, -832, "T", "DIP", "B", "", "R", 78.74, 78.74, 47.24, 270],
		[112, "D1_1", 848, -832, "B", "DIP", "B", "", "R", 78.74, 78.74, 47.24, 270],
		[113, "D1_2", 848, -932, "T", "DIP", "I_IN", "", "C", 78.74, 78.74, 47.24, 270],
		[114, "D1_2", 848, -932, "B", "DIP", "I_IN", "", "C", 78.74, 78.74, 47.24, 270],
		[115, "D1_3", 848, -1032, "T", "DIP", "A+", "", "C", 78.74, 78.74, 47.24, 270],
		[116, "D1_3", 848, -1032, "B", "DIP", "A+", "", "C", 78.74, 78.74, 47.24, 270],
		[117, "D2_1", 956, -298, "B", "SMD", "AGND", "", "R", 80.61, 88.23, 0, 0],
		[118, "D2_2", 1156, -298, "B", "SMD", "I_OUT", "", "R", 80.61, 88.23, 0, 0],
		[119, "D3_1", 728, -1032, "T", "DIP", "A+", "", "R", 78.74, 78.74, 47.24, 90],
		[120, "D3_1", 728, -1032, "B", "DIP", "A+", "", "R", 78.74, 78.74, 47.24, 90],
		[121, "D3_2", 728, -932, "T", "DIP", "AGND", "", "C", 78.74, 78.74, 47.24, 90],
		[122, "D3_2", 728, -932, "B", "DIP", "AGND", "", "C", 78.74, 78.74, 47.24, 90],
		[123, "D3_3", 728, -832, "T", "DIP", "B", "", "C", 78.74, 78.74, 47.24, 90],
		[124, "D3_3", 728, -832, "B", "DIP", "B", "", "C", 78.74, 78.74, 47.24, 90],
		[125, "D4_1", 1310, -835.01, "T", "SMD", "$1N25493", "", "R", 36.61, 47.24, 0, 90],
		[126, "D4_2", 1310, -960.99, "T", "SMD", "I_IN", "", "R", 36.61, 47.24, 0, 90],
		[127, "L1_1", 1414, -982.64, "T", "SMD", "$1N25463", "", "R", 41.34, 94.49, 0, 270],
		[128, "L1_2", 1414, -1065.36, "T", "SMD", "VCC_3.3V", "", "R", 41.34, 94.49, 0, 270],
		[129, "LED1_1", 810, -1367.47, "T", "SMD", "AGND", "", "R", 31.5, 31.5, 0, 180],
		[130, "LED1_2", 810, -1304.52, "T", "SMD", "$1N25500", "", "R", 31.5, 31.5, 0, 180],
		[131, "R1_1", 1328, -708.04, "T", "SMD", "I_IN", "", "R", 98.42, 133.86, 0, 90],
		[132, "R1_2", 1328, -463.95, "T", "SMD", "I_OUT", "", "R", 98.42, 133.86, 0, 90],
		[133, "R2_1", 1299.66, -1770, "T", "SMD", "GND", "GND", "R", 31.75, 34.02, 0, 180],
		[134, "R2_2", 1240.34, -1770, "T", "SMD", "VCC_3.3V", "", "R", 31.75, 34.02, 0, 180],
		[135, "R3_1", 505.99, -1429.07, "T", "SMD", "GND", "GND", "R", 31.5, 34.02, 0, 270],
		[136, "R3_2", 505.99, -1373.96, "T", "SMD", "AGND", "", "R", 31.5, 34.02, 0, 270],
		[137, "R4_1", 1072.22, -1429.07, "T", "SMD", "GND", "GND", "R", 31.5, 34.02, 0, 270],
		[138, "R4_2", 1072.22, -1373.96, "T", "SMD", "AGND", "", "R", 31.5, 34.02, 0, 270],
		[139, "R5_1", 680.34, -1176, "T", "SMD", "ADC_V_NTC1", "", "R", 31.75, 34.02, 0, 0],
		[140, "R5_2", 739.66, -1176, "T", "SMD", "VCC_3.3V", "", "R", 31.75, 34.02, 0, 0],
		[141, "R6_1", 739.66, -1236, "T", "SMD", "AGND", "", "R", 31.75, 34.02, 0, 180],
		[142, "R6_2", 680.34, -1236, "T", "SMD", "ADC_V_NTC1", "", "R", 31.75, 34.02, 0, 180],
		[143, "R7_1", 1240.34, -2234, "T", "SMD", "NRST", "", "R", 31.75, 34.02, 0, 0],
		[144, "R7_2", 1299.66, -2234, "T", "SMD", "VCC_3.3V", "", "R", 31.75, 34.02, 0, 0],
		[145, "R8_1", 1240.34, -2168, "T", "SMD", "RGB_B", "", "R", 31.75, 34.02, 0, 0],
		[146, "R8_2", 1299.66, -2168, "T", "SMD", "$1N26696", "", "R", 31.75, 34.02, 0, 0],
		[147, "R9_1", 810, -1235.66, "T", "SMD", "$1N25500", "", "R", 31.75, 34.02, 0, 90],
		[148, "R9_2", 810, -1176.34, "T", "SMD", "VCC_3.3V", "", "R", 31.75, 34.02, 0, 90],
		[149, "R10_1", 1240.34, -2102, "T", "SMD", "RGB_G", "", "R", 31.75, 34.02, 0, 0],
		[150, "R10_2", 1299.66, -2102, "T", "SMD", "$1N26695", "", "R", 31.75, 34.02, 0, 0],
		[151, "R11_1", 1240.34, -2036, "T", "SMD", "RGB_R", "", "R", 31.75, 34.02, 0, 0],
		[152, "R11_2", 1299.66, -2036, "T", "SMD", "$1N26694", "", "R", 31.75, 34.02, 0, 0],
		[153, "R12_1", 302, -2088.72, "T", "SMD", "CAN1_L", "", "R", 31.75, 34.02, 0, 270],
		[154, "R12_2", 302, -2148.04, "T", "SMD", "CAN1_H", "", "R", 31.75, 34.02, 0, 270],
		[155, "R13_1", 419.66, -1738.38, "T", "SMD", "I2C1_SDA", "", "R", 31.75, 34.02, 0, 180],
		[156, "R13_2", 360.34, -1738.38, "T", "SMD", "VCC_3.3V", "", "R", 31.75, 34.02, 0, 180],
		[157, "R14_1", 419.66, -1680.38, "T", "SMD", "I2C1_SCL", "", "R", 31.75, 34.02, 0, 180],
		[158, "R14_2", 360.34, -1680.38, "T", "SMD", "VCC_3.3V", "", "R", 31.75, 34.02, 0, 180],
		[159, "R15_1", 419.66, -1796.38, "T", "SMD", "ALERT", "", "R", 31.75, 34.02, 0, 180],
		[160, "R15_2", 360.34, -1796.38, "T", "SMD", "VCC_3.3V", "", "R", 31.75, 34.02, 0, 180],
		[161, "RGB1_1", 1387.01, -2091.45, "T", "SMD", "$1N26694", "", "R", 51.18, 33.47, 0, 180],
		[162, "RGB1_2", 1387.01, -2148.55, "T", "SMD", "$1N26695", "", "R", 51.18, 33.47, 0, 180],
		[163, "RGB1_3", 1512.99, -2148.55, "T", "SMD", "$1N26696", "", "R", 51.18, 33.47, 0, 180],
		[164, "RGB1_4", 1512.99, -2091.45, "T", "SMD", "VCC_3.3V", "", "R", 51.18, 33.47, 0, 180],
		[165, "SW1_1", 1369.32, -2225.68, "T", "SMD", "NRST", "", "R", 41.34, 27.56, 0, 0],
		[166, "SW1_2", 1534.68, -2225.68, "T", "SMD", "NRST", "", "R", 41.34, 27.56, 0, 0],
		[167, "SW1_3", 1369.32, -2310.32, "T", "SMD", "GND", "GND", "R", 41.34, 27.56, 0, 0],
		[168, "SW1_4", 1534.68, -2310.32, "T", "SMD", "GND", "GND", "R", 41.34, 27.56, 0, 0],
		[169, "U1_1", 773.7, -2040.04, "T", "SMD", "VCC_3.3V", "", "O", 11.02, 35.43, 0, 0],
		[170, "U1_2", 793.4, -2040.04, "T", "SMD", "U1_2", "", "O", 11.02, 35.43, 0, 0],
		[171, "U1_3", 813.1, -2040.04, "T", "SMD", "OSC_IN", "", "O", 11.02, 35.43, 0, 0],
		[172, "U1_4", 832.8, -2040.04, "T", "SMD", "OSC_OUT", "", "O", 11.02, 35.43, 0, 0],
		[173, "U1_5", 852.5, -2040.04, "T", "SMD", "U1_5", "", "O", 11.02, 35.43, 0, 0],
		[174, "U1_6", 872.2, -2040.04, "T", "SMD", "U1_6", "", "O", 11.02, 35.43, 0, 0],
		[175, "U1_7", 891.8, -2040.04, "T", "SMD", "NRST", "", "O", 11.02, 35.43, 0, 0],
		[176, "U1_8", 911.5, -2040.04, "T", "SMD", "RGB_B", "", "O", 11.02, 35.43, 0, 0],
		[177, "U1_9", 931.2, -2040.04, "T", "SMD", "RGB_G", "", "O", 11.02, 35.43, 0, 0],
		[178, "U1_10", 950.9, -2040.04, "T", "SMD", "RGB_R", "", "O", 11.02, 35.43, 0, 0],
		[179, "U1_11", 970.6, -2040.04, "T", "SMD", "U1_11", "", "O", 11.02, 35.43, 0, 0],
		[180, "U1_12", 990.3, -2040.04, "T", "SMD", "U1_12", "", "O", 11.02, 35.43, 0, 0],
		[181, "U1_13", 1021.66, -2008.65, "T", "SMD", "SPI1_SCK", "", "O", 35.43, 11.02, 0, 0],
		[182, "U1_14", 1021.66, -1988.96, "T", "SMD", "U1_14", "", "O", 35.43, 11.02, 0, 0],
		[183, "U1_15", 1021.66, -1969.28, "T", "SMD", "SPI1_MOSI", "", "O", 35.43, 11.02, 0, 0],
		[184, "U1_16", 1021.66, -1949.59, "T", "SMD", "U1_16", "", "O", 35.43, 11.02, 0, 0],
		[185, "U1_17", 1021.66, -1929.91, "T", "SMD", "PB0", "", "O", 35.43, 11.02, 0, 0],
		[186, "U1_18", 1021.66, -1910.22, "T", "SMD", "PB1", "", "O", 35.43, 11.02, 0, 0],
		[187, "U1_19", 1021.66, -1890.54, "T", "SMD", "U1_19", "", "O", 35.43, 11.02, 0, 0],
		[188, "U1_20", 1021.66, -1870.85, "T", "SMD", "VCC_3.3V", "", "O", 35.43, 11.02, 0, 0],
		[189, "U1_21", 1021.66, -1851.17, "T", "SMD", "VCC_3.3V", "", "O", 35.43, 11.02, 0, 0],
		[190, "U1_22", 1021.66, -1831.48, "T", "SMD", "U1_22", "", "O", 35.43, 11.02, 0, 0],
		[191, "U1_23", 1021.66, -1811.8, "T", "SMD", "VCC_3.3V", "", "O", 35.43, 11.02, 0, 0],
		[192, "U1_24", 1021.66, -1792.11, "T", "SMD", "U1_24", "", "O", 35.43, 11.02, 0, 0],
		[193, "U1_25", 990.3, -1760.72, "T", "SMD", "ADC_V_NTC1", "", "O", 11.02, 35.43, 0, 0],
		[194, "U1_26", 970.6, -1760.72, "T", "SMD", "SPI1_CS", "", "O", 11.02, 35.43, 0, 0],
		[195, "U1_27", 950.9, -1760.72, "T", "SMD", "SPI1_REST", "", "O", 11.02, 35.43, 0, 0],
		[196, "U1_28", 931.2, -1760.72, "T", "SMD", "SPI1_DC", "", "O", 11.02, 35.43, 0, 0],
		[197, "U1_29", 911.5, -1760.72, "T", "SMD", "SPI1_BL", "", "O", 11.02, 35.43, 0, 0],
		[198, "U1_30", 891.8, -1760.72, "T", "SMD", "AH", "", "O", 11.02, 35.43, 0, 0],
		[199, "U1_31", 872.2, -1760.72, "T", "SMD", "AL", "", "O", 11.02, 35.43, 0, 0],
		[200, "U1_32", 852.5, -1760.72, "T", "SMD", "BH", "", "O", 11.02, 35.43, 0, 0],
		[201, "U1_33", 832.8, -1760.72, "T", "SMD", "BL", "", "O", 11.02, 35.43, 0, 0],
		[202, "U1_34", 813.1, -1760.72, "T", "SMD", "U1_34", "", "O", 11.02, 35.43, 0, 0],
		[203, "U1_35", 793.4, -1760.72, "T", "SMD", "VCC_3.3V", "", "O", 11.02, 35.43, 0, 0],
		[204, "U1_36", 773.7, -1760.72, "T", "SMD", "SWDIO", "", "O", 11.02, 35.43, 0, 0],
		[205, "U1_37", 742.34, -1792.08, "T", "SMD", "SWCLK", "", "O", 35.43, 11.02, 0, 0],
		[206, "U1_38", 742.34, -1811.78, "T", "SMD", "U1_38", "", "O", 35.43, 11.02, 0, 0],
		[207, "U1_39", 742.34, -1831.48, "T", "SMD", "U1_39", "", "O", 35.43, 11.02, 0, 0],
		[208, "U1_40", 742.34, -1851.18, "T", "SMD", "U1_40", "", "O", 35.43, 11.02, 0, 0],
		[209, "U1_41", 742.34, -1870.88, "T", "SMD", "FDCAN3_RX", "", "O", 35.43, 11.02, 0, 0],
		[210, "U1_42", 742.34, -1890.58, "T", "SMD", "FDCAN3_TX", "", "O", 35.43, 11.02, 0, 0],
		[211, "U1_43", 742.34, -1910.18, "T", "SMD", "U1_43", "", "O", 35.43, 11.02, 0, 0],
		[212, "U1_44", 742.34, -1929.88, "T", "SMD", "USART1_TX", "", "O", 35.43, 11.02, 0, 0],
		[213, "U1_45", 742.34, -1949.58, "T", "SMD", "USART1_RX", "", "O", 35.43, 11.02, 0, 0],
		[214, "U1_46", 742.34, -1969.28, "T", "SMD", "I2C1_SCL", "", "O", 35.43, 11.02, 0, 0],
		[215, "U1_47", 742.34, -1988.98, "T", "SMD", "I2C1_SDA", "", "O", 35.43, 11.02, 0, 0],
		[216, "U1_48", 742.34, -2008.68, "T", "SMD", "VCC_3.3V", "", "O", 35.43, 11.02, 0, 0],
		[217, "U1_49", 882, -1900.38, "T", "SMD", "GND", "GND", "R", 220.47, 220.47, 0, 0],
		[218, "U2_1", 891.65, -2164.2, "T", "SMD", "OSC_OUT", "", "R", 35.43, 31.5, 0, 180],
		[219, "U2_2", 836.53, -2164.2, "T", "SMD", "GND", "GND", "R", 35.43, 31.5, 0, 180],
		[220, "U2_3", 836.53, -2207.5, "T", "SMD", "OSC_IN", "", "R", 35.43, 31.5, 0, 180],
		[221, "U2_4", 891.65, -2207.5, "T", "SMD", "GND", "GND", "R", 35.43, 31.5, 0, 180],
		[222, "U3_1", 1455.4, -832.76, "T", "SMD", "VCC_3.3V", "", "R", 21.65, 43.31, 0, 0],
		[223, "U3_2", 1418, -832.76, "T", "SMD", "$1N25493", "", "R", 21.65, 43.31, 0, 0],
		[224, "U3_3", 1380.6, -832.76, "T", "SMD", "$1N25493", "", "R", 21.65, 43.31, 0, 0],
		[225, "U3_4", 1380.6, -927.24, "T", "SMD", "AGND", "", "R", 21.65, 43.31, 0, 0],
		[226, "U3_5", 1418, -927.24, "T", "SMD", "$1N25463", "", "R", 21.65, 43.31, 0, 0],
		[227, "U3_6", 1455.4, -927.24, "T", "SMD", "$1N25464", "", "R", 21.65, 43.31, 0, 0],
		[228, "U4_1", 476.4, -2152.77, "T", "SMD", "FDCAN3_TX", "", "R", 14, 28, 0, 90],
		[229, "U4_2", 476.4, -2127.17, "T", "SMD", "GND", "GND", "R", 14, 28, 0, 90],
		[230, "U4_3", 476.4, -2101.58, "T", "SMD", "VCC_3.3V", "", "R", 14, 28, 0, 90],
		[231, "U4_4", 476.4, -2075.99, "T", "SMD", "FDCAN3_RX", "", "R", 14, 28, 0, 90],
		[232, "U4_5", 363.6, -2075.99, "T", "SMD", "VCC_3.3V", "", "R", 14, 28, 0, 90],
		[233, "U4_6", 363.6, -2101.58, "T", "SMD", "CAN1_L", "", "R", 14, 28, 0, 90],
		[234, "U4_7", 363.6, -2127.17, "T", "SMD", "CAN1_H", "", "R", 14, 28, 0, 90],
		[235, "U4_8", 363.6, -2152.77, "T", "SMD", "GND", "GND", "R", 14, 28, 0, 90],
		[236, "U4_9", 420, -2114.38, "T", "SMD", "GND", "GND", "R", 94.49, 62.99, 0, 90],
		[237, "U5_1", 504.63, -1840.9, "T", "SMD", "GND", "GND", "R", 11.81, 51.18, 0, 0],
		[238, "U5_2", 524.32, -1840.9, "T", "SMD", "GND", "GND", "R", 11.81, 51.18, 0, 0],
		[239, "U5_3", 544, -1840.9, "T", "SMD", "ALERT", "", "R", 11.81, 51.18, 0, 0],
		[240, "U5_4", 563.68, -1840.9, "T", "SMD", "I2C1_SDA", "", "R", 11.81, 51.18, 0, 0],
		[241, "U5_5", 583.38, -1840.9, "T", "SMD", "I2C1_SCL", "", "R", 11.81, 51.18, 0, 0],
		[242, "U5_6", 583.37, -1655.86, "T", "SMD", "VCC_3.3V", "", "R", 11.81, 51.18, 0, 0],
		[243, "U5_7", 563.68, -1655.86, "T", "SMD", "GND", "GND", "R", 11.81, 51.18, 0, 0],
		[244, "U5_8", 544, -1655.86, "T", "SMD", "I_OUT", "", "R", 11.81, 51.18, 0, 0],
		[245, "U5_9", 524.32, -1655.86, "T", "SMD", "I_OUT", "", "R", 11.81, 51.18, 0, 0],
		[246, "U5_10", 504.63, -1655.86, "T", "SMD", "I_IN", "", "R", 11.81, 51.18, 0, 0]
	]
}
}