{
"lengthUnit": "mil",
"components": {
	"fields": ["COMPONENT_NO", "COMPONENT_NAME", "LAYER", "X_COORDINATE", "Y_COORDINATE", "ANGLE"],
	"rows": [
		[1, "C1", "B", 323.12, -2006, 180],
		[2, "C2", "B", 630.43, -2168.54, 0],
		[3, "D1", "B", 424, -2052, 270],
		[4, "Q1", "B", 624.41, -1993.85, 0],
		[5, "Q2", "B", 296, -2136, 270],
		[6, "R1", "B", 634.45, -1881.41, 180],
		[7, "R2", "B", 630.43, -2102.28, 0],
		[8, "R3", "B", 634.45, -1815.15, 0],
		[9, "U1", "B", 848, -1998, 0],
		[10, "U2", "B", 1240.16, -1633.86, 180],
		[11, "U3", "B", 354, -1880, 180],
		[12, "PAD1", "T", 157.48, -1417.32, 0],
		[13, "PAD1", "B", 157.48, -1417.32, 0],
		[14, "PAD2", "T", 1417.32, -1417.32, 0],
		[15, "PAD2", "B", 1417.32, -1417.32, 0],
		[16, "PAD3", "T", 1417.32, -157.48, 0],
		[17, "PAD3", "B", 1417.32, -157.48, 0],
		[18, "PAD4", "T", 157.48, -157.48, 0],
		[19, "PAD4", "B", 157.48, -157.48, 0]
	]
},
"pins": {
	"fields": ["PIN_NO", "PIN_NAME", "PIN_X", "PIN_Y", "LAYER", "PIN_TYPE", "NET_NAME", "NET_TYPE", "PAD_SHAPE", "PAD_SIZEX", "PAD_SIZEY", "HOLE_SIZE", "PAD_ANGLE"],
	"rows": [
		[1, "C1_1", 350.68, -2006, "B", "SMD", "VCC_3.3V", "", "R", 31.5, 35.43, 0, 180],
		[2, "C1_2", 295.56, -2006, "B", "SMD", "$1N47286", "", "R", 31.5, 35.43, 0, 180],
		[3, "C2_1", 602.87, -2168.54, "B", "SMD", "GND", "GND", "R", 31.5, 35.43, 0, 0],
		[4, "C2_2", 657.99, -2168.54, "B", "SMD", "VCC_3.3V", "", "R", 31.5, 35.43, 0, 0],
		[5, "D1_1", 424, -2005.83, "B", "SMD", "VCC_3.3V", "", "R", 39.37, 29.53, 0, 270],
		[6, "D1_2", 424, -2098.16, "B", "SMD", "$1N47286", "", "R", 39.37, 29.53, 0, 270],
		[7, "Q1_1", 663.78, -1956.45, "B", "SMD", "$1N45857", "", "R", 49.21, 27.56, 0, 0],
		[8, "Q1_2", 663.78, -2031.25, "B", "SMD", "GND", "GND", "R", 49.21, 27.56, 0, 0],
		[9, "Q1_3", 585.04, -1993.85, "B", "SMD", "$1N45856", "", "R", 49.21, 27.56, 0, 0],
		[10, "Q2_1", 333.4, -2175.37, "B", "SMD", "BUZZ1", "", "R", 49.21, 27.56, 0, 270],
		[11, "Q2_2", 258.6, -2175.37, "B", "SMD", "GND", "GND", "R", 49.21, 27.56, 0, 270],
		[12, "Q2_3", 296, -2096.63, "B", "SMD", "$1N47286", "", "R", 49.21, 27.56, 0, 270],
		[13, "R1_1", 664.11, -1881.41, "B", "SMD", "$1N45857", "", "R", 31.75, 34.02, 0, 180],
		[14, "R1_2", 604.79, -1881.41, "B", "SMD", "VCC_3.3V", "", "R", 31.75, 34.02, 0, 180],
		[15, "R2_1", 600.77, -2102.28, "B", "SMD", "$1N45856", "", "R", 31.75, 34.02, 0, 0],
		[16, "R2_2", 660.09, -2102.28, "B", "SMD", "LEDK", "", "R", 31.75, 34.02, 0, 0],
		[17, "R3_1", 604.79, -1815.15, "B", "SMD", "SPI1_BL", "", "R", 31.75, 34.02, 0, 0],
		[18, "R3_2", 664.11, -1815.15, "B", "SMD", "$1N45857", "", "R", 31.75, 34.02, 0, 0],
		[19, "U1_1", 848, -1832.65, "B", "SMD", "U1_1", "", "O", 17.72, 125.98, 0, 90],
		[20, "U1_2", 848, -1860.2, "B", "SMD", "U1_2", "", "O", 17.72, 125.98, 0, 90],
		[21, "U1_3", 848, -1887.76, "B", "SMD", "SPI1_MOSI", "", "O", 17.72, 125.98, 0, 90],
		[22, "U1_4", 848, -1915.32, "B", "SMD", "SPI1_SCK", "", "O", 17.72, 125.98, 0, 90],
		[23, "U1_5", 848, -1942.88, "B", "SMD", "SPI1_DC", "", "O", 17.72, 125.98, 0, 90],
		[24, "U1_6", 848, -1970.44, "B", "SMD", "SPI1_REST", "", "O", 17.72, 125.98, 0, 90],
		[25, "U1_7", 848, -1998, "B", "SMD", "SPI1_CS", "", "O", 17.72, 125.98, 0, 90],
		[26, "U1_8", 848, -2025.56, "B", "SMD", "GND", "GND", "O", 17.72, 125.98, 0, 90],
		[27, "U1_9", 848, -2053.12, "B", "SMD", "U1_9", "", "O", 17.72, 125.98, 0, 90],
		[28, "U1_10", 848, -2080.68, "B", "SMD", "VCC_3.3V", "", "O", 17.72, 125.98, 0, 90],
		[29, "U1_11", 848, -2108.24, "B", "SMD", "LEDK", "", "O", 17.72, 125.98, 0, 90],
		[30, "U1_12", 848, -2135.8, "B", "SMD", "VCC_3.3V", "", "O", 17.72, 125.98, 0, 90],
		[31, "U1_13", 848, -2163.35, "B", "SMD", "GND", "GND", "O", 17.72, 125.98, 0, 90],
		[32, "U2_1", 1340.16, -1658.86, "T", "DIP", "SPI1_CS", "", "R", 39.37, 39.37, 27.56, 180],
		[33, "U2_1", 1340.16, -1658.86, "B", "DIP", "SPI1_CS", "", "R", 39.37, 39.37, 27.56, 180],
		[34, "U2_2", 1340.16, -1608.86, "T", "DIP", "VCC_3.3V", "", "C", 39.37, 39.37, 27.56, 180],
		[35, "U2_2", 1340.16, -1608.86, "B", "DIP", "VCC_3.3V", "", "C", 39.37, 39.37, 27.56, 180],
		[36, "U2_3", 1290.16, -1658.86, "T", "DIP", "SPI1_REST", "", "C", 39.37, 39.37, 27.56, 180],
		[37, "U2_3", 1290.16, -1658.86, "B", "DIP", "SPI1_REST", "", "C", 39.37, 39.37, 27.56, 180],
		[38, "U2_4", 1290.16, -1608.86, "T", "DIP", "GND", "GND", "C", 39.37, 39.37, 27.56, 180],
		[39, "U2_4", 1290.16, -1608.86, "B", "DIP", "GND", "GND", "C", 39.37, 39.37, 27.56, 180],
		[40, "U2_5", 1240.16, -1658.86, "T", "DIP", "SPI1_DC", "", "C", 39.37, 39.37, 27.56, 180],
		[41, "U2_5", 1240.16, -1658.86, "B", "DIP", "SPI1_DC", "", "C", 39.37, 39.37, 27.56, 180],
		[42, "U2_6", 1240.16, -1608.86, "T", "DIP", "U2_6", "", "C", 39.37, 39.37, 27.56, 180],
		[43, "U2_6", 1240.16, -1608.86, "B", "DIP", "U2_6", "", "C", 39.37, 39.37, 27.56, 180],
		[44, "U2_7", 1190.16, -1658.86, "T", "DIP", "SPI1_SCK", "", "C", 39.37, 39.37, 27.56, 180],
		[45, "U2_7", 1190.16, -1658.86, "B", "DIP", "SPI1_SCK", "", "C", 39.37, 39.37, 27.56, 180],
		[46, "U2_8", 1190.16, -1608.86, "T", "DIP", "BUZZ1", "", "C", 39.37, 39.37, 27.56, 180],
		[47, "U2_8", 1190.16, -1608.86, "B", "DIP", "BUZZ1", "", "C", 39.37, 39.37, 27.56, 180],
		[48, "U2_9", 1140.16, -1658.86, "T", "DIP", "SPI1_MOSI", "", "C", 39.37, 39.37, 27.56, 180],
		[49, "U2_9", 1140.16, -1658.86, "B", "DIP", "SPI1_MOSI", "", "C", 39.37, 39.37, 27.56, 180],
		[50, "U2_10", 1140.16, -1608.86, "T", "DIP", "SPI1_BL", "", "C", 39.37, 39.37, 27.56, 180],
		[51, "U2_10", 1140.16, -1608.86, "B", "DIP", "SPI1_BL", "", "C", 39.37, 39.37, 27.56, 180],
		[52, "U3_1", 422.9, -1880, "B", "SMD", "VCC_3.3V", "", "R", 39.37, 70.87, 0, 180],
		[53, "U3_2", 285.1, -1880, "B", "SMD", "$1N47286", "", "R", 39.37, 70.87, 0, 180],
		[54, "PAD1_1", 157.48, -1417.32, "T", "DIP", "GND", "GND", "C", 196.85, 196.85, 125.98, 90],
		[55, "PAD1_1", 157.48, -1417.32, "B", "DIP", "GND", "GND", "C", 196.85, 196.85, 125.98, 90],
		[56, "PAD2_1", 1417.32, -1417.32, "T", "DIP", "GND", "GND", "C", 196.85, 196.85, 125.98, 90],
		[57, "PAD2_1", 1417.32, -1417.32, "B", "DIP", "GND", "GND", "C", 196.85, 196.85, 125.98, 90],
		[58, "PAD3_1", 1417.32, -157.48, "T", "DIP", "GND", "GND", "C", 196.85, 196.85, 125.98, 90],
		[59, "PAD3_1", 1417.32, -157.48, "B", "DIP", "GND", "GND", "C", 196.85, 196.85, 125.98, 90],
		[60, "PAD4_1", 157.48, -157.48, "T", "DIP", "GND", "GND", "C", 196.85, 196.85, 125.98, 90],
		[61, "PAD4_1", 157.48, -157.48, "B", "DIP", "GND", "GND", "C", 196.85, 196.85, 125.98, 90]
	]
}
}